requested_instrument,min_funding_rate,max_funding_rate,avg_funding_rate,exchange_count,avg_price,total_volume_24h,total_open_interest,exchanges,funding_spread_pct
XLM,-6.3361,139.4368,4.559006666666667,23,0.25633096666666666,2512057728.478733,361612255.51743263,"['Binance', 'OKX', 'Bybit', 'MEXC', 'Bitget', 'Bitunix', 'Gate', 'WhiteBIT', 'BingX', 'KuCoin', 'LBank', 'CoinEx', 'ApeX Omni', 'Hyperliquid', 'Coinbase', 'Binance', 'Kraken', 'BingX', 'Bybit', 'Aster', 'Bybit', 'HTX', 'Bitget', 'Bitunix', 'Lighter', 'MEXC', 'Extended', 'Crypto.com', 'dYdX', 'Paradex']",145.7729
DOT,-68.1699,13.68,-1.4773628571428572,23,1.1883602857142856,188312769.27800798,192256597.29012612,"['Bitmex', 'Binance', 'Bybit', 'WhiteBIT', 'OKX', 'LBank', 'BingX', 'MEXC', 'BingX', 'Bitunix', 'Bitget', 'Gate', 'BingX', 'Binance', 'KuCoin', 'OKX', 'Hyperliquid', 'Kraken', 'CoinEx', 'EdgeX', 'Bitunix', 'Extended', 'Lighter', 'Bybit', 'MEXC', 'Coinbase', 'Bitget', 'Aster', 'HTX', 'HTX', 'Bybit', 'Crypto.com', 'Bitmex', 'Paradex', 'KuCoin']",81.8499
LTC,-25.0,33.3537,0.6545249999999999,24,52.3572,227392732.404168,337677392.37623787,"['BingX', 'Binance', 'WhiteBIT', 'Bybit', 'BingX', 'LBank', 'OKX', 'BingX', 'ApeX Omni', 'Gate', 'Bitmex', 'Bitget', 'MEXC', 'Binance', 'Bitunix', 'Binance', 'EdgeX', 'Hyperliquid', 'OKX', 'CoinEx', 'KuCoin', 'Coinbase', 'Kraken', 'HTX', 'MEXC', 'Bitunix', 'Bybit', 'Bitunix', 'MEXC', 'HTX', 'Aster', 'Extended', 'CoinEx', 'Bybit', 'Crypto.com', 'Bitget', 'Paradex', 'Bitmex', 'Lighter', 'Kraken']",58.3537
DOGE,0.0,27.36,1.7239317073170732,24,0.10092382222222224,789481196.982316,1276879820.711389,"['Binance', 'OKX', 'WhiteBIT', 'MEXC', 'Gate', 'Bybit', 'Bitmex', 'Bitunix', 'LBank', 'Binance', 'Bitget', 'BingX', 'EdgeX', 'Binance', 'Coinbase', 'Hyperliquid', 'Aster', 'CoinEx', 'OKX', 'BingX', 'HTX', 'KuCoin', 'BingX', 'ApeX Omni', 'Bitmex', 'Kraken', 'Crypto.com', 'Extended', 'Bitunix', 'MEXC', 'Bitget', 'Bybit', 'Bitunix', 'MEXC', 'Bybit', 'CoinEx', 'HTX', 'Bybit', 'Bybit', 'Paradex', 'KuCoin', 'Bybit', 'Bybit', 'KuCoin', 'Lighter']",27.36
POPCAT,-6.7724,16.64,0.9457409090909091,20,0.05162717391304348,27339554.5990485,23291994.926056,"['LBank', 'BingX', 'Bybit', 'BingX', 'ApeX Omni', 'Binance', 'Kraken', 'KuCoin', 'WhiteBIT', 'MEXC', 'OKX', 'Hyperliquid', 'Bitget', 'Bitunix', 'CoinEx', 'MEXC', 'Gate', 'Extended', 'Bybit', 'Coinbase', 'Bitmex', 'Lighter', 'Crypto.com']",23.4124
AVNT,-1.7674,20.2765,1.3702904761904762,20,0.14238771428571428,70794292.84081781,23514908.393997,"['Binance', 'OKX', 'BingX', 'Bybit', 'WhiteBIT', 'Hyperliquid', 'MEXC', 'KuCoin', 'LBank', 'Bitget', 'Bitunix', 'Gate', 'Coinbase', 'CoinEx', 'Extended', 'Bybit', 'HTX', 'Aster', 'Crypto.com', 'Paradex', 'Lighter']",22.0439
TON,-3.741,16.9792,0.76384,23,1.8798616000000001,456983847.38704,472295584.548204,"['Binance', 'Bybit', 'OKX', 'Hyperliquid', 'WhiteBIT', 'Bitget', 'ApeX Omni', 'LBank', 'KuCoin', 'Bitunix', 'Gate', 'CoinEx', 'Kraken', 'HTX', 'EdgeX', 'Extended', 'Aster', 'Bybit', 'Coinbase', 'MEXC', 'Bybit', 'Lighter', 'Bitmex', 'Crypto.com', 'Paradex']",20.7202
XRP,-10.8329,4.5791,0.3622558139534884,25,1.3417859916000001,1418157713.5300076,2389385782.7874928,"['Binance', 'MEXC', 'OKX', 'Bybit', 'Bitget', 'WhiteBIT', 'Gate', 'MEXC', 'Binance', 'Hyperliquid', 'Bitunix', 'LBank', 'Bitmex', 'BingX', 'Binance', 'Coinbase', 'KuCoin', 'EdgeX', 'Aster', 'ApeX Omni', 'CoinEx', 'MEXC', 'Bybit', 'BingX', 'Extended', 'Kraken', 'Crypto.com', 'BingX', 'Bitget', 'OKX', 'Bitunix', 'Bitmex', 'Bybit', 'Bitunix', 'HTX', 'KuCoin', 'Binance', 'Paradex', 'CoinEx', 'Binance', 'HTX', 'Bybit', 'dYdX', 'Bybit', 'Bybit', 'Bybit', 'KuCoin', 'Kraken', 'Lighter', 'Bitmex']",15.412
SUI,-0.1447,15.13,1.0879435897435898,24,0.9009371794871794,528651976.64340353,760201885.1597044,"['Binance', 'MEXC', 'OKX', 'Bybit', 'WhiteBIT', 'Bitget', 'Bitunix', 'Gate', 'LBank', 'Hyperliquid', 'BingX', 'Binance', 'ApeX Omni', 'BingX', 'KuCoin', 'BingX', 'Extended', 'CoinEx', 'EdgeX', 'Coinbase', 'Kraken', 'Aster', 'Binance', 'OKX', 'HTX', 'MEXC', 'Bybit', 'Bitunix', 'MEXC', 'Bitget', 'Bitmex', 'Crypto.com', 'CoinEx', 'Bybit', 'Bitunix', 'Paradex', 'KuCoin', 'Lighter', 'KuCoin']",15.2747
ZEC,-14.0159,1.1,-0.46949166666666664,21,549.4820416666666,2365727929.957848,1200971951.484386,"['Binance', 'MEXC', 'OKX', 'Hyperliquid', 'Bybit', 'LBank', 'Bitget', 'Gate', 'BingX', 'Binance', 'CoinEx', 'ApeX Omni', 'WhiteBIT', 'KuCoin', 'EdgeX', 'Kraken', 'BingX', 'Aster', 'Coinbase', 'MEXC', 'HTX', 'Extended', 'Bitmex', 'Paradex']",15.1159
KAITO,-12.628,2.02,-0.5235260869565218,20,0.46118173913043475,40358646.0692183,34982317.412647,"['ApeX Omni', 'BingX', 'BingX', 'WhiteBIT', 'Binance', 'OKX', 'KuCoin', 'LBank', 'Bybit', 'Binance', 'Bitget', 'Gate', 'MEXC', 'Bitunix', 'Hyperliquid', 'CoinEx', 'MEXC', 'Extended', 'Kraken', 'Aster', 'Paradex', 'HTX', 'Lighter']",14.648
BNB,-8.6896,4.7217,0.47092727272727275,23,727.9079285714286,5486528731.3677,1487892186.6741693,"['Binance', 'Binance', 'OKX', 'LBank', 'Bybit', 'Gate', 'Aster', 'Bitunix', 'Binance', 'Bitget', 'WhiteBIT', 'MEXC', 'BingX', 'Hyperliquid', 'EdgeX', 'ApeX Omni', 'BingX', 'CoinEx', 'Bitunix', 'KuCoin', 'Bitunix', 'Extended', 'BingX', 'HTX', 'Kraken', 'Bybit', 'Coinbase', 'Binance', 'Bitmex', 'Binance', 'MEXC', 'Bitmex', 'Paradex', 'CoinEx', 'Lighter']",13.4113
TIA,-8.5907,3.8117,-0.27245384615384616,22,0.39994653846153844,86679406.7986692,58820963.926069,"['Binance', 'ApeX Omni', 'MEXC', 'Bybit', 'BingX', 'WhiteBIT', 'OKX', 'Bitget', 'BingX', 'LBank', 'Binance', 'Bitunix', 'KuCoin', 'Hyperliquid', 'Gate', 'CoinEx', 'MEXC', 'Kraken', 'Extended', 'HTX', 'Crypto.com', 'Coinbase', 'Bybit', 'Lighter', 'Aster', 'Paradex']",12.4024
JUP,-10.5288,1.0,-0.6148130434782609,23,0.1841368260869565,53196404.542745,43028257.327006,"['ApeX Omni', 'LBank', 'BingX', 'WhiteBIT', 'Binance', 'Bybit', 'MEXC', 'OKX', 'Hyperliquid', 'Bitget', 'KuCoin', 'Extended', 'Bitunix', 'Gate', 'CoinEx', 'Coinbase', 'HTX', 'Kraken', 'Aster', 'Crypto.com', 'Paradex', 'Bitmex', 'Lighter']",11.5288
BCH,-8.92,2.4166,-0.9364216216216216,24,302.0219189189189,225662973.8283591,451491557.6547387,"['Binance', 'OKX', 'WhiteBIT', 'LBank', 'ApeX Omni', 'Bybit', 'Bitmex', 'BingX', 'MEXC', 'Bitget', 'BingX', 'Binance', 'Gate', 'KuCoin', 'Bitunix', 'Binance', 'Hyperliquid', 'BingX', 'Bitmex', 'EdgeX', 'Coinbase', 'OKX', 'CoinEx', 'Kraken', 'Lighter', 'Bitget', 'Bitunix', 'MEXC', 'HTX', 'Bybit', 'Bitunix', 'Aster', 'CoinEx', 'Bybit', 'Extended', 'Crypto.com', 'Paradex']",11.3366
XPL,-0.5,10.0727,0.843595652173913,22,0.09125486956521739,84831848.120229,117871617.639519,"['Binance', 'OKX', 'Bybit', 'BingX', 'Bitget', 'WhiteBIT', 'Hyperliquid', 'Gate', 'Extended', 'Bitunix', 'LBank', 'MEXC', 'CoinEx', 'KuCoin', 'Coinbase', 'ApeX Omni', 'Aster', 'Bybit', 'Kraken', 'HTX', 'Lighter', 'Crypto.com', 'Paradex']",10.5727
OP,-4.7786,5.73,0.6521571428571429,24,0.11910660714285715,65221588.357827,57871921.460711926,"['Binance', 'LBank', 'WhiteBIT', 'Bybit', 'ApeX Omni', 'OKX', 'BingX', 'BingX', 'MEXC', 'Bitget', 'KuCoin', 'Bitunix', 'CoinEx', 'Hyperliquid', 'Gate', 'MEXC', 'Coinbase', 'Lighter', 'Kraken', 'Bybit', 'Extended', 'HTX', 'Bybit', 'Aster', 'dYdX', 'Crypto.com', 'Bitmex', 'Paradex']",10.5086
ETH,-4.05,6.3351,0.3999040816326531,27,2024.6634310505494,21574223989.09337,28482978232.371235,"['WhiteBIT', 'Binance', 'OKX', 'Coinbase', 'Gate', 'MEXC', 'Binance', 'Bybit', 'Bitget', 'Bitunix', 'Hyperliquid', 'BingX', 'HTX', 'Aster', 'CoinEx', 'Binance', 'EdgeX', 'Bitmex', 'Crypto.com', 'LBank', 'OKX', 'KuCoin', 'ApeX Omni', 'Deribit', 'BingX', 'Kraken', 'Extended', 'Crypto.com', 'Crypto.com', 'MEXC', 'Bybit', 'BingX', 'Bitunix', 'Bitunix', 'Bybit', 'MEXC', 'Bitfinex', 'dYdX', 'Binance', 'Binance', 'Bitmex', 'Bitget', 'Binance', 'OKX', 'Binance', 'Deribit', 'Deribit', 'Deribit', 'Deribit', 'Deribit', 'Binance', 'Bitget', 'Bitget', 'Deribit', 'Paradex', 'Deribit', 'CoinEx', 'Deribit', 'OKX', 'HTX', 'OKX', 'Deribit', 'Bitmex', 'CoinEx', 'Deribit', 'OKX', 'Deribit', 'Kraken', 'KuCoin', 'Bybit', 'Bybit', 'Bybit', 'Bybit', 'Bybit', 'Bybit', 'Bybit', 'Lighter', 'OKX', 'HTX', 'HTX', 'OKX', 'KuCoin', 'Kraken', 'OKX', 'HTX', 'Kraken', 'Bybit', 'Bybit', 'Bybit', 'Kraken', 'Bitmex']",10.3851
WIF,-4.6456,5.01,0.31981481481481483,23,0.18951396428571426,72587413.813683,76589068.725445,"['ApeX Omni', 'LBank', 'Binance', 'WhiteBIT', 'Bybit', 'BingX', 'OKX', 'MEXC', 'BingX', 'KuCoin', 'Hyperliquid', 'Bitget', 'Bitunix', 'Gate', 'Coinbase', 'Binance', 'CoinEx', 'MEXC', 'Extended', 'Kraken', 'HTX', 'Bitunix', 'Bybit', 'Bitmex', 'Crypto.com', 'Aster', 'Paradex', 'Lighter']",9.6556
HYPE,-3.1588,5.8799,0.13924074074074075,24,68.18625925925926,4665593910.233114,3267013306.894039,"['Binance', 'Hyperliquid', 'OKX', 'Bybit', 'MEXC', 'Bitget', 'Bitunix', 'BingX', 'WhiteBIT', 'Gate', 'Extended', 'Aster', 'LBank', 'BingX', 'KuCoin', 'EdgeX', 'CoinEx', 'Kraken', 'Coinbase', 'ApeX Omni', 'HTX', 'MEXC', 'Bitmex', 'Paradex', 'Bybit', 'dYdX', 'Crypto.com']",9.0387
PYTH,-7.0365,1.16,-0.09464285714285714,21,0.04094447619047619,22148531.318278,24235491.865151532,"['Binance', 'LBank', 'Bybit', 'BingX', 'WhiteBIT', 'OKX', 'MEXC', 'Bitget', 'KuCoin', 'Bitunix', 'Hyperliquid', 'Kraken', 'Gate', 'CoinEx', 'HTX', 'Aster', 'Coinbase', 'Crypto.com', 'dYdX', 'Paradex', 'Lighter']",8.1965
TAO,0.07,7.2729,1.0561880000000001,23,256.88152,940597147.5149053,316707078.004767,"['MEXC', 'Binance', 'WhiteBIT', 'Bitunix', 'Bybit', 'ApeX Omni', 'OKX', 'BingX', 'Bitget', 'Hyperliquid', 'KuCoin', 'Gate', 'LBank', 'EdgeX', 'Kraken', 'CoinEx', 'Coinbase', 'Aster', 'Extended', 'MEXC', 'Lighter', 'HTX', 'Bybit', 'Paradex', 'Crypto.com']",7.2029
TRUMP,-6.5383,0.5,-0.5626190476190476,19,1.997109523809524,66587082.311717,113218337.21012901,"['Binance', 'OKX', 'WhiteBIT', 'Bybit', 'Bitget', 'Hyperliquid', 'Binance', 'Bitunix', 'Kraken', 'Gate', 'KuCoin', 'CoinEx', 'Lighter', 'HTX', 'MEXC', 'Aster', 'Coinbase', 'Extended', 'Bybit', 'Crypto.com', 'Paradex']",7.0383
AAVE,-0.63,5.7503,0.6594485714285714,24,82.50122857142857,133642854.0297705,258417160.30106914,"['Binance', 'WhiteBIT', 'BingX', 'MEXC', 'ApeX Omni', 'Bybit', 'OKX', 'BingX', 'Bitget', 'Hyperliquid', 'Bitunix', 'Bitunix', 'BingX', 'Binance', 'Gate', 'KuCoin', 'Extended', 'CoinEx', 'Binance', 'EdgeX', 'Bitunix', 'MEXC', 'Bitget', 'HTX', 'Aster', 'CoinEx', 'Coinbase', 'Lighter', 'Kraken', 'Bybit', 'Bybit', 'dYdX', 'Crypto.com', 'Bitmex', 'Paradex']",6.3803
PENDLE,-0.82,5.4546,0.6439458333333333,22,1.3583666666666667,99796725.66995001,59624737.208925,"['ApeX Omni', 'Binance', 'LBank', 'Bybit', 'BingX', 'MEXC', 'OKX', 'WhiteBIT', 'Bitget', 'KuCoin', 'Hyperliquid', 'Bitunix', 'Gate', 'Extended', 'EdgeX', 'CoinEx', 'Kraken', 'MEXC', 'Coinbase', 'Bybit', 'HTX', 'Aster', 'Crypto.com', 'Paradex']",6.2746
SEI,-5.0054,1.0,-0.290164,23,0.06763832,116641684.049211,69296054.86121601,"['Binance', 'MEXC', 'LBank', 'ApeX Omni', 'Bybit', 'WhiteBIT', 'OKX', 'Bitget', 'BingX', 'Gate', 'Hyperliquid', 'Bitunix', 'KuCoin', 'CoinEx', 'Kraken', 'Coinbase', 'MEXC', 'Extended', 'HTX', 'Bybit', 'Aster', 'Crypto.com', 'Paradex', 'Bitmex', 'Lighter']",6.0054
PENGU,-5.4914,0.5,-0.04654583333333332,20,0.008005083333333335,105140863.8722897,82422156.576387,"['Binance', 'MEXC', 'ApeX Omni', 'OKX', 'WhiteBIT', 'Bybit', 'BingX', 'Bitget', 'KuCoin', 'Bitunix', 'Binance', 'Hyperliquid', 'BingX', 'Gate', 'Extended', 'MEXC', 'CoinEx', 'Kraken', 'Coinbase', 'Aster', 'HTX', 'Bybit', 'Crypto.com', 'Paradex']",5.9914
IP,-5.0994,0.83,0.19143846153846156,22,0.4317330769230769,57488183.4547895,35849988.952748,"['ApeX Omni', 'OKX', 'BingX', 'BingX', 'Binance', 'WhiteBIT', 'KuCoin', 'Bybit', 'Bitget', 'LBank', 'Binance', 'MEXC', 'Bitunix', 'Gate', 'Hyperliquid', 'MEXC', 'CoinEx', 'Coinbase', 'HTX', 'Extended', 'Lighter', 'Bybit', 'Crypto.com', 'Kraken', 'Aster', 'Paradex']",5.9294
ASTER,-3.7867,2.05,0.28552173913043477,23,0.7378337500000001,1319828225.4737,477676832.598999,"['Aster', 'Binance', 'OKX', 'MEXC', 'Bybit', 'WhiteBIT', 'Hyperliquid', 'Bitget', 'ApeX Omni', 'EdgeX', 'BingX', 'Bitunix', 'LBank', 'Gate', 'KuCoin', 'Coinbase', 'Extended', 'CoinEx', 'Kraken', 'Bitmex', 'Bybit', 'HTX', 'Paradex', 'Lighter']",5.8367
ZRO,-2.5433,3.1201,0.46294761904761905,21,1.1497333333333333,59125242.4864637,72566636.034693,"['LBank', 'WhiteBIT', 'ApeX Omni', 'BingX', 'Binance', 'MEXC', 'Bybit', 'OKX', 'KuCoin', 'Hyperliquid', 'Bitget', 'Bitunix', 'Gate', 'Coinbase', 'CoinEx', 'Kraken', 'HTX', 'Extended', 'Crypto.com', 'Aster', 'Paradex']",5.6634
ADA,-3.472,2.19,0.5737243243243243,24,0.23681443717948716,406034356.6970844,444302279.9308671,"['Bitmex', 'Binance', 'WhiteBIT', 'Bybit', 'OKX', 'LBank', 'Gate', 'MEXC', 'Bitget', 'BingX', 'Binance', 'Bitunix', 'BingX', 'CoinEx', 'BingX', 'Hyperliquid', 'Binance', 'ApeX Omni', 'Kraken', 'Extended', 'KuCoin', 'Coinbase', 'Bybit', 'OKX', 'Bitunix', 'EdgeX', 'HTX', 'Crypto.com', 'Bitget', 'MEXC', 'MEXC', 'Bitunix', 'CoinEx', 'Aster', 'Bitmex', 'HTX', 'Lighter', 'Paradex', 'Bitmex']",5.662
LIT,-3.3,2.21,0.18751666666666666,19,1.3202863157894738,190081745.91534,242975856.959364,"['Binance', 'OKX', 'Hyperliquid', 'Bybit', 'WhiteBIT', 'Extended', 'Gate', 'Bitget', 'MEXC', 'LBank', 'KuCoin', 'CoinEx', 'Aster', 'HTX', 'ApeX Omni', 'Coinbase', 'Bitmex', 'Paradex', 'Lighter']",5.51
ENA,-2.1741,2.906,0.51124,25,0.08989093333333333,218035557.73798898,172665707.1043775,"['Binance', 'Bybit', 'MEXC', 'WhiteBIT', 'OKX', 'BingX', 'Bitget', 'ApeX Omni', 'BingX', 'Binance', 'Gate', 'LBank', 'EdgeX', 'Bitunix', 'Hyperliquid', 'KuCoin', 'Coinbase', 'Extended', 'Kraken', 'CoinEx', 'HTX', 'MEXC', 'Bybit', 'Bitunix', 'Aster', 'Crypto.com', 'Bitmex', 'Lighter', 'dYdX', 'Paradex']",5.0801
WLD,-3.4473,1.37,0.22110370370370375,22,0.3258095185185186,1418586629.0917928,267684824.652152,"['Binance', 'OKX', 'Bybit', 'MEXC', 'Bitget', 'WhiteBIT', 'Gate', 'Binance', 'BingX', 'Hyperliquid', 'ApeX Omni', 'Bitunix', 'KuCoin', 'CoinEx', 'Kraken', 'Aster', 'Coinbase', 'HTX', 'BingX', 'Bitmex', 'Bitunix', 'Bybit', 'Extended', 'Lighter', 'MEXC', 'Crypto.com', 'Paradex']",4.8173
PUMP,-1.3129,3.4187,0.32986363636363636,23,0.0022468082608695654,113249734.7408163,141834563.55022615,"['Binance', 'WhiteBIT', 'OKX', 'ApeX Omni', 'BingX', 'Hyperliquid', 'Bitget', 'LBank', 'EdgeX', 'KuCoin', 'Gate', 'Extended', 'Coinbase', 'CoinEx', 'Bitunix', 'Kraken', 'Aster', 'HTX', 'Bitmex', 'Lighter', 'Crypto.com', 'dYdX', 'Paradex']",4.7316
UNI,-1.2775,3.3401,0.4948470588235294,24,3.0263382352941175,125349633.437862,190707592.0912396,"['Binance', 'WhiteBIT', 'OKX', 'LBank', 'ApeX Omni', 'BingX', 'Bybit', 'Bitget', 'BingX', 'Bitunix', 'Gate', 'Binance', 'MEXC', 'BingX', 'Hyperliquid', 'Binance', 'EdgeX', 'KuCoin', 'Bitunix', 'CoinEx', 'Bitmex', 'Kraken', 'OKX', 'MEXC', 'Bitget', 'HTX', 'Paradex', 'Coinbase', 'Extended', 'Bybit', 'Aster', 'Crypto.com', 'Bybit', 'Lighter']",4.6176
BTC,-1.76,2.7097,0.5070510638297872,26,74009.6711827957,39376607825.620964,46955051582.348495,"['WhiteBIT', 'MEXC', 'Binance', 'OKX', 'Coinbase', 'ApeX Omni', 'Bybit', 'Gate', 'Binance', 'Bitget', 'Hyperliquid', 'Bitunix', 'BingX', 'LBank', 'Aster', 'Crypto.com', 'Binance', 'Deribit', 'CoinEx', 'EdgeX', 'Bitmex', 'KuCoin', 'HTX', 'OKX', 'Kraken', 'Extended', 'Bybit', 'BingX', 'Bitunix', 'MEXC', 'BingX', 'Bybit', 'Bitunix', 'Bitfinex', 'Crypto.com', 'Crypto.com', 'dYdX', 'Bitget', 'MEXC', 'Binance', 'OKX', 'Binance', 'Bitmex', 'Binance', 'Binance', 'Deribit', 'Deribit', 'CoinEx', 'Paradex', 'Deribit', 'Deribit', 'Deribit', 'KuCoin', 'OKX', 'HTX', 'OKX', 'Deribit', 'Bitget', 'KuCoin', 'CoinEx', 'Bitget', 'Deribit', 'Deribit', 'HTX', 'HTX', 'HTX', 'Bybit', 'Deribit', 'OKX', 'OKX', 'OKX', 'Bybit', 'Bybit', 'Bybit', 'Bybit', 'Deribit', 'Bitmex', 'Bybit', 'Deribit', 'Bybit', 'Bitmex', 'Bybit', 'Bybit', 'KuCoin', 'OKX', 'Kraken', 'Bitmex', 'Deribit', 'Bybit', 'Deribit', 'Kraken', 'Kraken', 'Kraken']",4.4697
SOL,-1.0,3.4404,0.7300774999999999,25,82.63704375,3906867390.231583,4923181620.09418,"['MEXC', 'Coinbase', 'Binance', 'WhiteBIT', 'OKX', 'Bybit', 'Gate', 'BingX', 'LBank', 'Bitget', 'Binance', 'Bitunix', 'Hyperliquid', 'EdgeX', 'MEXC', 'Aster', 'Kraken', 'Binance', 'KuCoin', 'CoinEx', 'Extended', 'BingX', 'Crypto.com', 'BingX', 'OKX', 'HTX', 'Bitunix', 'MEXC', 'Bitunix', 'ApeX Omni', 'Bybit', 'Bitget', 'Bitmex', 'Bybit', 'dYdX', 'Kraken', 'Kraken', 'Paradex', 'CoinEx', 'Binance', 'Bybit', 'Binance', 'Lighter', 'Bybit', 'KuCoin', 'KuCoin', 'Bybit', 'Bybit']",4.4404
POL,-0.0711,4.22,0.5704125,21,0.09066891666666667,35113798.2496844,61240614.315766,"['WhiteBIT', 'Binance', 'BingX', 'Bybit', 'LBank', 'OKX', 'BingX', 'ApeX Omni', 'Bitunix', 'MEXC', 'KuCoin', 'Bitget', 'Hyperliquid', 'Gate', 'CoinEx', 'MEXC', 'Kraken', 'Coinbase', 'HTX', 'Bybit', 'Aster', 'Crypto.com', 'Bitmex', 'Lighter']",4.2911
ARB,-2.1838,1.98,0.4996285714285714,23,0.10226393103448275,90079357.85984801,101513159.258205,"['Binance', 'WhiteBIT', 'Bybit', 'LBank', 'OKX', 'BingX', 'BingX', 'ApeX Omni', 'Gate', 'MEXC', 'Binance', 'Hyperliquid', 'Bitget', 'Bitunix', 'KuCoin', 'CoinEx', 'MEXC', 'HTX', 'Kraken', 'Bitunix', 'Lighter', 'CoinEx', 'Coinbase', 'Extended', 'Aster', 'Bybit', 'Bitmex', 'Paradex', 'Crypto.com']",4.1638
LDO,-2.371,1.4,0.417575,20,0.32490549999999996,37370507.635977,50792128.696108006,"['ApeX Omni', 'Binance', 'BingX', 'WhiteBIT', 'Bybit', 'OKX', 'MEXC', 'Bitunix', 'Hyperliquid', 'Bitget', 'CoinEx', 'KuCoin', 'Gate', 'Kraken', 'Coinbase', 'Extended', 'HTX', 'Aster', 'Paradex', 'Crypto.com']",3.771
WLFI,-0.76,2.7881,0.5291814814814815,23,0.05910239285714286,67689896.099409,189131859.366449,"['WhiteBIT', 'Binance', 'OKX', 'BingX', 'BingX', 'Bybit', 'Bitget', 'Aster', 'Gate', 'MEXC', 'Hyperliquid', 'LBank', 'Bitunix', 'Binance', 'Extended', 'KuCoin', 'Bitmex', 'CoinEx', 'MEXC', 'Kraken', 'Crypto.com', 'Coinbase', 'Bitunix', 'ApeX Omni', 'Lighter', 'Bybit', 'HTX', 'Paradex']",3.5481
ONDO,-2.32,1.0,-0.330432,22,0.3583932,586186869.208076,199238683.176492,"['Binance', 'OKX', 'Bybit', 'MEXC', 'Bitget', 'WhiteBIT', 'Bitunix', 'BingX', 'Hyperliquid', 'LBank', 'Gate', 'ApeX Omni', 'KuCoin', 'CoinEx', 'Kraken', 'Extended', 'BingX', 'EdgeX', 'Coinbase', 'Bybit', 'Aster', 'MEXC', 'HTX', 'Crypto.com', 'Paradex']",3.32
APT,-1.8383,1.1,0.138148,22,0.9359879999999999,74184629.0192538,83703438.3728298,"['Binance', 'WhiteBIT', 'Bybit', 'BingX', 'OKX', 'ApeX Omni', 'BingX', 'MEXC', 'LBank', 'Bitget', 'Hyperliquid', 'Bitunix', 'KuCoin', 'Gate', 'CoinEx', 'MEXC', 'Kraken', 'Coinbase', 'HTX', 'Aster', 'Extended', 'Bybit', 'dYdX', 'Crypto.com', 'Lighter']",2.9383
FARTCOIN,-1.52,1.0,0.205244,22,0.15909156,93810866.4098872,127136223.114187,"['Bybit', 'Binance', 'ApeX Omni', 'BingX', 'MEXC', 'BingX', 'Gate', 'WhiteBIT', 'LBank', 'OKX', 'Hyperliquid', 'Bitunix', 'Bitget', 'KuCoin', 'Extended', 'Kraken', 'CoinEx', 'Coinbase', 'MEXC', 'Aster', 'HTX', 'Lighter', 'Bybit', 'Crypto.com', 'Paradex']",2.52
NEAR,-1.3102,1.1,0.2784333333333333,22,2.3137816666666664,1007855802.0705891,561561081.7211075,"['Binance', 'Bybit', 'OKX', 'MEXC', 'WhiteBIT', 'Hyperliquid', 'Bitget', 'BingX', 'Binance', 'Bitunix', 'ApeX Omni', 'Gate', 'KuCoin', 'BingX', 'Kraken', 'CoinEx', 'Coinbase', 'Binance', 'BingX', 'Extended', 'Aster', 'Bitunix', 'Bitmex', 'Crypto.com', 'Bybit', 'HTX', 'MEXC', 'Bitget', 'Lighter', 'Paradex']",2.4102
AVAX,-1.03,1.0,0.4312542857142857,24,8.987948571428571,322396745.1969338,361259277.0082901,"['BingX', 'Binance', 'MEXC', 'WhiteBIT', 'LBank', 'BingX', 'ApeX Omni', 'OKX', 'Bybit', 'BingX', 'Gate', 'Bitunix', 'Binance', 'Bitget', 'Hyperliquid', 'KuCoin', 'Binance', 'CoinEx', 'Kraken', 'Coinbase', 'Extended', 'Bitget', 'MEXC', 'HTX', 'Bitunix', 'Bitunix', 'MEXC', 'Bitmex', 'Aster', 'Lighter', 'OKX', 'Crypto.com', 'Bybit', 'dYdX', 'Paradex']",2.03
CRV,-0.8692,1.1,0.5433807692307693,22,0.21495050000000002,47529495.697876,77908529.71596201,"['LBank', 'Binance', 'WhiteBIT', 'ApeX Omni', 'BingX', 'OKX', 'Bybit', 'MEXC', 'Hyperliquid', 'BingX', 'Kraken', 'Coinbase', 'Binance', 'KuCoin', 'Bitget', 'Bitunix', 'Gate', 'CoinEx', 'MEXC', 'Extended', 'Bitmex', 'HTX', 'Aster', 'Bybit', 'Crypto.com', 'Lighter']",1.9692
LINK,-0.3258,1.1,0.6286552631578948,24,9.192447948717948,301331572.9316474,446364106.8773957,"['Binance', 'MEXC', 'WhiteBIT', 'Bybit', 'OKX', 'ApeX Omni', 'LBank', 'Bitunix', 'Bitget', 'Gate', 'BingX', 'BingX', 'Bitmex', 'Binance', 'BingX', 'Hyperliquid', 'Binance', 'KuCoin', 'CoinEx', 'Kraken', 'EdgeX', 'Coinbase', 'Bybit', 'OKX', 'Bitunix', 'Extended', 'Bitunix', 'MEXC', 'HTX', 'Aster', 'MEXC', 'Crypto.com', 'CoinEx', 'Bitget', 'Bitmex', 'HTX', 'Paradex', 'Bybit', 'Lighter']",1.4258
PAXG,0.0499,1.06,0.4106363636363636,21,4530.846956521739,78117926.31630936,266755682.9240507,"['WhiteBIT', 'Binance', 'BingX', 'ApeX Omni', 'EdgeX', 'Hyperliquid', 'Bitunix', 'Bitget', 'MEXC', 'Bybit', 'Gate', 'KuCoin', 'HTX', 'MEXC', 'dYdX', 'Kraken', 'Paradex', 'Coinbase', 'Aster', 'Crypto.com', 'LBank', 'Bybit', 'Lighter']",1.0101
